﻿pos_x,pos_y,rotation,side,designator,mpn,pack,footprint,value,mount_type
103.6,-61.9,90.0,top,C1,,,C_0805_2012Metric,4.7uF,smt
125.56,-58.490001,90.0,top,C10,,,C_1210_3225Metric,22uF,smt
122.4,-88.1,180.0,top,C11,,,C_0603_1608Metric,30 pF,smt
115.013,-81.775001,90.0,top,C12,,,C_0603_1608Metric,100 nF,smt
115.138,-86.050001,0.0,top,C13,,,C_0603_1608Metric,30 pF,smt
123.39,-85.4,180.0,top,C14,,,C_0603_1608Metric,100 nF,smt
126.912002,-86.85,180.0,top,C15,,,C_0603_1608Metric,100 nF,smt
127.638,-75.700001,-90.0,top,C16,,,C_0603_1608Metric,100 nF,smt
118.15,-72.86,0.0,top,C17,,,C_0603_1608Metric,100 nF,smt
128.475,-69.0,180.0,top,C18,,,C_0603_1608Metric,100 nF,smt
101.0,-90.725,90.0,top,C2,,,C_0603_1608Metric,1uF,smt
143.85,-86.062501,180.0,top,C20,,,C_0603_1608Metric,1uF,smt
143.86,-89.05,180.0,top,C21,,,C_0603_1608Metric,1uF,smt
137.825,-69.62,0.0,top,C22,,,C_0603_1608Metric,1uF,smt
137.825,-68.12,0.0,top,C23,,,C_0603_1608Metric,100 nF,smt
134.775,-69.62,180.0,top,C24,,,C_0603_1608Metric,1uF,smt
134.775,-68.12,180.0,top,C25,,,C_0603_1608Metric,100 nF,smt
102.5,-90.725,90.0,top,C3,,,C_0603_1608Metric,100 nF,smt
108.5,-92.8,90.0,top,C4,,,C_0603_1608Metric,10 nF,smt
108.5,-89.75,90.0,top,C5,,,C_0603_1608Metric,1uF,smt
110.0,-89.75,90.0,top,C6,,,C_0603_1608Metric,100 nF,smt
113.335,-63.42,0.0,top,C7,,,C_1206_3216Metric,10uF,smt
114.98,-65.92,180.0,top,C8,,,C_1206_3216Metric,10uF,smt
114.975,-61.425,180.0,top,C9,,,C_0603_1608Metric,1uF,smt
109.049999,-75.86525,90.0,top,CR1,,,SOT23-6L_STM,USBLC6-2SC6,smt
110.4,-86.5,0.0,top,D1,,,LED_0805_2012Metric,LED,smt
128.6,-59.0375,-90.0,top,D2,,,LED_0805_2012Metric,LED,smt
110.0,-55.5625,-90.0,top,D3,,,LED_0805_2012Metric,LED,smt
104.0,-56.0,0.0,top,FID1,,,Fiducial_1mm_Mask2mm,Fiducial,smt
151.0,-95.5,0.0,top,FID2,,,Fiducial_1mm_Mask2mm,Fiducial,smt
151.0,-56.0,0.0,top,FID3,,,Fiducial_1mm_Mask2mm,Fiducial,smt
121.35,-78.962,90.0,top,IC1,STM32F103C6T7A,,QFP50P900X900X160-48N,STM32F103C6T7A,smt
96.4,-81.0,-90.0,top,J1,,,TYPE-C-31-M-12,Connector_USB_C_Receptacle_USB2.0,smt
124.88,-66.488001,-90.0,top,J2,,,PinHeader_2x03_P2.54mm_Vertical,DBG,tht
157.975,-66.9625,-90.0,top,J3,,,CONN_1935190_PXC,1935190,tht
101.78,-66.84,-90.0,top,L1,,,IND_5028_TDK,2.7uH,smt
105.95,-64.585,90.0,top,R1,,,R_0603_1608Metric,2.0k,smt
125.6,-62.425,90.0,top,R10,,,R_0603_1608Metric,0.1,smt
128.413,-73.200001,0.0,top,R11,,,R_0603_1608Metric,10k,smt
104.425,-77.45,180.0,top,R12,,,R_0603_1608Metric,5k1,smt
104.62,-82.34,180.0,top,R13,,,R_0603_1608Metric,5k1,smt
106.74,-72.79,180.0,top,R14,,,R_0603_1608Metric,1k5,smt
115.125,-69.6,0.0,top,R17,,,R_0603_1608Metric,10k,smt
115.1,-68.0,180.0,top,R18,,,R_0603_1608Metric,10k,smt
115.012,-78.412,90.0,top,R19,,,R_0603_1608Metric,10k,smt
110.49,-66.24,-90.0,top,R2,,,R_0603_1608Metric,45.3k,smt
129.04,-83.700001,0.0,top,R20,,,R_0603_1608Metric,47,smt
134.075,-82.0625,90.0,top,R21,,,R_0603_1608Metric,10k,smt
129.052,-80.7,0.0,top,R22,,,R_0603_1608Metric,47,smt
129.04,-79.175001,0.0,top,R23,,,R_0603_1608Metric,47,smt
129.04,-82.180001,0.0,top,R24,,,R_0603_1608Metric,47,smt
144.425,-78.25,180.0,top,R25,,,R_0603_1608Metric,0,smt
144.425,-80.25,180.0,top,R26,,,R_0603_1608Metric,0,smt
147.35,-79.24,-90.0,top,R27,,,R_0603_1608Metric,9.09k,smt
144.425,-74.25,0.0,top,R28,,,R_0603_1608Metric,47,smt
144.425,-76.25,0.0,top,R29,,,R_0603_1608Metric,47,smt
108.4,-66.225,-90.0,top,R3,,,R_0603_1608Metric,10k,smt
150.25,-78.43,180.0,top,R30,,,R_0603_1608Metric,0,smt
150.25,-80.09,180.0,top,R31,,,R_0603_1608Metric,0,smt
135.75,-82.062501,90.0,top,R33,,,R_0603_1608Metric,10k,smt
111.5,-89.75,90.0,top,R4,,,R_0603_1608Metric,6.65k,smt
128.6,-62.375,90.0,top,R5,,,R_0603_1608Metric,6.65k,smt
110.0,-59.175,90.0,top,R6,,,R_0603_1608Metric,10k,smt
115.75,-59.1,-90.0,top,R7,,,R_0603_1608Metric,100k,smt
118.96,-55.575001,90.0,top,R8,,,R_0603_1608Metric,0,smt
121.46,-55.575001,90.0,top,R9,,,R_0603_1608Metric,0,smt
128.350001,-92.874998,-90.0,top,S1,PTS645SM43SMTR92 LFS,,SWITCH_43SMTR92LFS,Reset,smt
118.687002,-94.661999,0.0,top,S2,PTS645SM43SMTR92 LFS,,SWITCH_43SMTR92LFS,Boot,smt
108.3,-62.549999,0.0,top,U1,,,DSS0012A,TPS61096ADSSR,smt
105.465,-92.47,0.0,top,U2,,,SOT-23-5,LD3985M33R_SOT23,smt
120.125,-60.565001,180.0,top,U3,,,RGW0020A-IPC_A,TPS7A4700RGWR,smt
136.3,-75.2,90.0,top,U4,,,SOP65P640X120-16N,ADS1220xPW,smt
146.624999,-86.062501,-90.0,top,U5,,,RSE0008A,TS5A21366RSER,smt
146.610001,-89.05,0.0,top,U6,,,RSE0008A,TS5A21366RSER,smt
140.75,-79.2086,90.0,top,U7,,,X15,100 nF,smt
140.7495,-75.237001,90.0,top,U8,,,X15,100 nF,smt
118.738,-87.675001,90.0,top,Y1,,,Crystal_SMD_5032-4Pin_5.0x3.2mm,8 Mhz,smt
