﻿Designator,Quantity,Value,Footprint,Package,MPN,DNP,Mount_Type,Description,Manufacturer,LCSC,Height,Manufacturer_Name,Mouser Part Number,Mouser Price/Stock,Arrow Part Number,Arrow Price/Stock,Digi-Key_PN,Category,Family,DK_Datasheet_Link,DK_Detail_Page,Description_1,Status
C1,1,4.7uF,C_0805_2012Metric,,,,smt,Unpolarized capacitor,Murata,C415536,,,,,,,,,,,,,
C10,1,22uF,C_1210_3225Metric,,,,smt,Unpolarized capacitor,Murata,C21397,,,,,,,,,,,,,
"C11, C13",2,30 pF,C_0603_1608Metric,,,,smt,Unpolarized capacitor,Yageo,C2191217,,,,,,,,,,,,,
"C12, C14, C15, C16, C17, C18, C23, C25, C3, C6",10,100 nF,C_0603_1608Metric,,,,smt,Unpolarized capacitor,Yageo,C108079,,,,,,,,,,,,,
"C2, C20, C21, C22, C24, C5, C9",7,1uF,C_0603_1608Metric,,,,smt,Unpolarized capacitor,Murata,C908553,,,,,,,,,,,,,
C4,1,10 nF,C_0603_1608Metric,,,,smt,Unpolarized capacitor,Yageo,C100042,,,,,,,,,,,,,
"C7, C8",2,10uF,C_1206_3216Metric,,,,smt,Unpolarized capacitor,Kemet,C2168111,,,,,,,,,,,,,
CR1,1,USBLC6-2SC6,SOT23-6L_STM,,,,smt,,,C2827654,,,,,,,,,,,,,
"D1, D2, D3",3,LED,LED_0805_2012Metric,,,,smt,Light emitting diode,Kingbright,C5569446,,,,,,,,,,,,,
IC1,1,STM32F103C6T7A,QFP50P900X900X160-48N,,STM32F103C6T7A,,smt,"STM32F103C6T7A, 32 bit ARM Cortex M3 Microcontroller 72MHz 32 kB Flash, 10 kB RAM, USB CAN I2C 48-Pin LQFP",,C222074,1.6,STMicroelectronics,511-STM32F103C6T7A,https://www.mouser.co.uk/ProductDetail/STMicroelectronics/STM32F103C6T7A?qs=SU4Xa%252BYHGQqu3yFVVzmi7g%3D%3D,STM32F103C6T7A,https://www.arrow.com/en/products/stm32f103c6t7a/stmicroelectronics?region=nac,,,,,,,
J1,1,Connector_USB_C_Receptacle_USB2.0,TYPE-C-31-M-12,,,,smt,,Korean Hroparts Elec,C5337088,,,,,,,,,,,,,
J2,1,DBG,PinHeader_2x03_P2.54mm_Vertical,,,,tht,,BOOMELE,C65114,,,,,,,,,,,,,
J3,1,1935190,CONN_1935190_PXC,,,,tht,,    Phoenix Contact,C6047339,,,,,,,,,,,,,
L1,1,2.7uH,IND_5028_TDK,,,,smt,Inductor with ferrite core,TDK,C307836,,,,,,,,,,,,,
R1,1,2.0k,R_0603_1608Metric,,,,smt,Resistor,EYANG,C267576,,,,,,,,,,,,,
R10,1,0.1,R_0603_1608Metric,,,,smt,Resistor,ROHM Semicon,C880952,,,,,,,,,,,,,
"R11, R17, R18, R19, R21, R3, R33, R6",8,10k,R_0603_1608Metric,,,,smt,Resistor,Yageo,C469659,,,,,,,,,,,,,
"R12, R13",2,5k1,R_0603_1608Metric,,,,smt,,Vishay,C844933,,,,,,,,,,,,,
R14,1,1k5,R_0603_1608Metric,,,,smt,Resistor,KAMAYA,C340503,,,,,,,,,,,,,
R2,1,45.3k,R_0603_1608Metric,,,,smt,Resistor,Panasonic,C403233,,,,,,,,,,,,,
"R20, R22, R23, R24, R28, R29",6,47,R_0603_1608Metric,,,,smt,Resistor,Vishay,C511383,,,,,,,,,,,,,
"R25, R26, R30, R31, R8, R9",6,0,R_0603_1608Metric,,,,smt,Resistor,Yageo,C95177,,,,,,,,,,,,,
R27,1,9.09k,R_0603_1608Metric,,,Yes,smt,Resistor,Panasonic,,,,,,,,,,,,,,
"R4, R5",2,6.65k,R_0603_1608Metric,,,,smt,Resistor,Yageo,C228025,,,,,,,,,,,,,
R7,1,100k,R_0603_1608Metric,,,,smt,Resistor,Yageo,C728638,,,,,,,,,,,,,
S1,1,Reset,SWITCH_43SMTR92LFS,,PTS645SM43SMTR92 LFS,,smt,SWITCH TACTILE SPST-NO 0.05A 12V,C&K,C221880,,,,,,,CKN9112CT-ND,Switches,Tactile Switches,https://www.ckswitches.com/media/1471/pts645.pdf,/product-detail/en/c-k/PTS645SM43SMTR92-LFS/CKN9112CT-ND/1146934,SWITCH TACTILE SPST-NO 0.05A 12V,Active
S2,1,Boot,SWITCH_43SMTR92LFS,,PTS645SM43SMTR92 LFS,,smt,SWITCH TACTILE SPST-NO 0.05A 12V,C&K,C221880,,,,,,,CKN9112CT-ND,Switches,Tactile Switches,https://www.ckswitches.com/media/1471/pts645.pdf,/product-detail/en/c-k/PTS645SM43SMTR92-LFS/CKN9112CT-ND/1146934,SWITCH TACTILE SPST-NO 0.05A 12V,Active
"TP1, TP2, TP3",3,TestPoint,TestPoint_Pad_D2.0mm,,,,tht,test point,,,,,,,,,,,,,,,
U1,1,TPS61096ADSSR,DSS0012A,,,,smt,,,C2862062,,,,,,,,,,,,,
U2,1,LD3985M33R_SOT23,SOT-23-5,,,,smt,"150mA Low Dropout Voltage Regulator, Fixed Output 3.3V, SOT-23-5",,C46243,,,,,,,,,,,,,
U3,1,TPS7A4700RGWR,RGW0020A-IPC_A,,,,smt,,,C114839,,,,,,,,,,,,,
U4,1,ADS1220xPW,SOP65P640X120-16N,,,,smt,"Low-power, quad-input, 24-bit analog to digital converter, integrated temperature sensor, SPI interface, TSSOP-16 package",,C48263,,,,,,,,,,,,,
"U5, U6",2,TS5A21366RSER,RSE0008A,,,,smt,,,,,,,,,,,,,,,,
"U7, U8",2,100 nF,X15,,,,smt,,Johanson Dielectrics Inc.,C111274,,,,,,,,,,,,,
Y1,1,8 Mhz,Crystal_SMD_5032-4Pin_5.0x3.2mm,,,,smt,"Four pin crystal, GND on pins 2 and 4",YXC Crystal Oscillators,C20617600,,,,,,,,,,,,,
